es.allyachtservice.com/,https://www.allyachtservice.com/es,301,TRUE
ru.allyachtservice.com/,https://www.allyachtservice.com/ru,301,TRUE
es.allyachtservice.com/pre-purchase-survey,https://www.allyachtservice.com/es/pre-purchase-survey,301,TRUE
ru.allyachtservice.com/pre-purchase-survey,https://www.allyachtservice.com/ru/pre-purchase-survey,301,TRUE
es.allyachtservice.com/pre-purchase-survey-calculator,https://www.allyachtservice.com/es/pre-purchase-survey-calculator,301,TRUE
ru.allyachtservice.com/pre-purchase-survey-calculator,https://www.allyachtservice.com/ru/pre-purchase-survey-calculator,301,TRUE
es.allyachtservice.com/yacht-delivery-calculator,https://www.allyachtservice.com/es/yacht-delivery-calculator,301,TRUE
ru.allyachtservice.com/yacht-delivery-calculator,https://www.allyachtservice.com/ru/yacht-delivery-calculator,301,TRUE
es.allyachtservice.com/insurance-survey,https://www.allyachtservice.com/es/insurance-survey,301,TRUE
ru.allyachtservice.com/insurance-survey,https://www.allyachtservice.com/ru/insurance-survey,301,TRUE
es.allyachtservice.com/valuation-damage-survey,https://www.allyachtservice.com/es/valuation-damage-survey,301,TRUE
ru.allyachtservice.com/valuation-damage-survey,https://www.allyachtservice.com/ru/valuation-damage-survey,301,TRUE
es.allyachtservice.com/buyer-representation,https://www.allyachtservice.com/es/buyer-representation,301,TRUE
ru.allyachtservice.com/buyer-representation,https://www.allyachtservice.com/ru/buyer-representation,301,TRUE
es.allyachtservice.com/about-us,https://www.allyachtservice.com/es/about-us,301,TRUE
ru.allyachtservice.com/about-us,https://www.allyachtservice.com/ru/about-us,301,TRUE
es.allyachtservice.com/contact,https://www.allyachtservice.com/es/contact,301,TRUE
ru.allyachtservice.com/contact,https://www.allyachtservice.com/ru/contact,301,TRUE
es.allyachtservice.com/yacht-delivery,https://www.allyachtservice.com/es/yacht-delivery,301,TRUE
ru.allyachtservice.com/yacht-delivery,https://www.allyachtservice.com/ru/yacht-delivery,301,TRUE
es.allyachtservice.com/yachts-for-sale,https://www.allyachtservice.com/es/yachts-for-sale,301,TRUE
ru.allyachtservice.com/yachts-for-sale,https://www.allyachtservice.com/ru/yachts-for-sale,301,TRUE
es.allyachtservice.com/yacht-survey-tips,https://www.allyachtservice.com/es/yacht-survey-tips,301,TRUE
ru.allyachtservice.com/yacht-survey-tips,https://www.allyachtservice.com/ru/yacht-survey-tips,301,TRUE
es.allyachtservice.com/yacht-survey-tips/keel-to-hull-joint,https://www.allyachtservice.com/es/yacht-survey-tips/keel-to-hull-joint,301,TRUE
ru.allyachtservice.com/yacht-survey-tips/keel-to-hull-joint,https://www.allyachtservice.com/ru/yacht-survey-tips/keel-to-hull-joint,301,TRUE
es.allyachtservice.com/yacht-survey-tips/documents-before-yacht-survey,https://www.allyachtservice.com/es/yacht-survey-tips/documents-before-yacht-survey,301,TRUE
ru.allyachtservice.com/yacht-survey-tips/documents-before-yacht-survey,https://www.allyachtservice.com/ru/yacht-survey-tips/documents-before-yacht-survey,301,TRUE
es.allyachtservice.com/yacht-survey-tips/yacht-engine-mounts,https://www.allyachtservice.com/es/yacht-survey-tips/yacht-engine-mounts,301,TRUE
ru.allyachtservice.com/yacht-survey-tips/yacht-engine-mounts,https://www.allyachtservice.com/ru/yacht-survey-tips/yacht-engine-mounts,301,TRUE
es.allyachtservice.com/yacht-survey-tips/antifouling-tells-a-story,https://www.allyachtservice.com/es/yacht-survey-tips/antifouling-tells-a-story,301,TRUE
ru.allyachtservice.com/yacht-survey-tips/antifouling-tells-a-story,https://www.allyachtservice.com/ru/yacht-survey-tips/antifouling-tells-a-story,301,TRUE
es.allyachtservice.com/yacht-survey-tips/check-yacht-bilge,https://www.allyachtservice.com/es/yacht-survey-tips/check-yacht-bilge,301,TRUE
ru.allyachtservice.com/yacht-survey-tips/check-yacht-bilge,https://www.allyachtservice.com/ru/yacht-survey-tips/check-yacht-bilge,301,TRUE
es.allyachtservice.com/yacht-survey-tips/standing-rigging-warning-signs,https://www.allyachtservice.com/es/yacht-survey-tips/standing-rigging-warning-signs,301,TRUE
ru.allyachtservice.com/yacht-survey-tips/standing-rigging-warning-signs,https://www.allyachtservice.com/ru/yacht-survey-tips/standing-rigging-warning-signs,301,TRUE
es.allyachtservice.com/yacht-survey-tips/yacht-electrical-corrosion,https://www.allyachtservice.com/es/yacht-survey-tips/yacht-electrical-corrosion,301,TRUE
ru.allyachtservice.com/yacht-survey-tips/yacht-electrical-corrosion,https://www.allyachtservice.com/ru/yacht-survey-tips/yacht-electrical-corrosion,301,TRUE
es.allyachtservice.com/yacht-survey-tips/check-yacht-steering,https://www.allyachtservice.com/es/yacht-survey-tips/check-yacht-steering,301,TRUE
ru.allyachtservice.com/yacht-survey-tips/check-yacht-steering,https://www.allyachtservice.com/ru/yacht-survey-tips/check-yacht-steering,301,TRUE
es.allyachtservice.com/yacht-survey-tips/check-yacht-seacocks,https://www.allyachtservice.com/es/yacht-survey-tips/check-yacht-seacocks,301,TRUE
ru.allyachtservice.com/yacht-survey-tips/check-yacht-seacocks,https://www.allyachtservice.com/ru/yacht-survey-tips/check-yacht-seacocks,301,TRUE
es.allyachtservice.com/yacht-survey-tips/deck-moisture-soft-spots,https://www.allyachtservice.com/es/yacht-survey-tips/deck-moisture-soft-spots,301,TRUE
ru.allyachtservice.com/yacht-survey-tips/deck-moisture-soft-spots,https://www.allyachtservice.com/ru/yacht-survey-tips/deck-moisture-soft-spots,301,TRUE
es.allyachtservice.com/yacht-survey-tips/shiny-hull,https://www.allyachtservice.com/es/yacht-survey-tips/shiny-hull,301,TRUE
ru.allyachtservice.com/yacht-survey-tips/shiny-hull,https://www.allyachtservice.com/ru/yacht-survey-tips/shiny-hull,301,TRUE
es.allyachtservice.com/privacy-policy,https://www.allyachtservice.com/es/privacy-policy,301,TRUE
ru.allyachtservice.com/privacy-policy,https://www.allyachtservice.com/ru/privacy-policy,301,TRUE
es.allyachtservice.com/cookie-policy,https://www.allyachtservice.com/es/cookie-policy,301,TRUE
ru.allyachtservice.com/cookie-policy,https://www.allyachtservice.com/ru/cookie-policy,301,TRUE
es.allyachtservice.com/legal-notice,https://www.allyachtservice.com/es/legal-notice,301,TRUE
ru.allyachtservice.com/legal-notice,https://www.allyachtservice.com/ru/legal-notice,301,TRUE
es.allyachtservice.com/terms-and-conditions,https://www.allyachtservice.com/es/terms-and-conditions,301,TRUE
ru.allyachtservice.com/terms-and-conditions,https://www.allyachtservice.com/ru/terms-and-conditions,301,TRUE
es.allyachtservice.com/inspecciones-previas-a-la-compra,https://www.allyachtservice.com/es/pre-purchase-survey,301,TRUE
es.allyachtservice.com/inspecciones-previas-a-la-compra/,https://www.allyachtservice.com/es/pre-purchase-survey,301,TRUE
